{
  "stay": 0.8042774162389215,
  "east": 3.784114118696087,
  "west": 1.847133882832016,
  "south": 4.00845173121991,
  "north": 1.410544991399219,
  "se": 4.765029743684303,
  "ne": 2.0098257937703217,
  "sw": 2.6494520133078336,
  "nw": 1.0767869345333576
}