{
  "stay": 0.8062061959028093,
  "east": 1.8404825727525775,
  "west": 3.1640122498347254,
  "south": 1.6600840005727044,
  "north": 3.3971792656612654,
  "se": 2.077545957550365,
  "ne": 4.33924870440788,
  "sw": 1.1077217044276628,
  "nw": 2.177030022776012
}