{
  "stay": 0.8321684549855325,
  "east": 1.2417962457238705,
  "west": 4.219028139273663,
  "south": 1.068417931498311,
  "north": 3.4884035087684047,
  "se": 1.340232908459201,
  "ne": 1.5832238226795223,
  "sw": 3.8166295063011413,
  "nw": 4.71691267008408
}