{
  "stay": 0.8476654304403411,
  "east": 4.184410146402541,
  "west": 1.4676381370403635,
  "south": 1.6075144938916348,
  "north": 2.5727927334130265,
  "se": 3.9404659412479424,
  "ne": 3.9838383849639563,
  "sw": 1.533303834443196,
  "nw": 1.8763922101726336
}